<?xml version="1.0" encoding="UTF-8"?>
<project>
  <extend>../project.xml</extend>

  <pomVersion>3</pomVersion>
  <name>args4j</name>
  <artifactId>args4j</artifactId>

  <dependencies>
    <!-- needed for the test cases inside this Maven project -->
    <dependency>
      <id>junit</id>
      <version>3.8.1</version>
    </dependency>
  </dependencies>

  <build>
    <nagEmailAddress>kk@kohsuke.org</nagEmailAddress>

    <sourceDirectory>src</sourceDirectory>
    <unitTestSourceDirectory>test</unitTestSourceDirectory>

    <!-- Resources that are packaged up inside the JAR file -->
    <resources>
      <resource>
        <directory>src</directory>
        <includes>
          <include>**/*.properties</include>
          <include>META-INF/services/*</include>
        </includes>
      </resource>
    </resources>

    <!-- Unit test classes -->
    <unitTest>
      <includes>
        <include>**/*Test.java</include>
      </includes>
    </unitTest>
  </build>
</project>